Code,Group URL,Group URL Thumbnail
H424-B04,https://go.cin7.com/webfiles/ProSciTechAU/webpages/images/275564/1950_PriceBreak_1963.jpg,https://go.cin7.com/webfiles/ProSciTechAU/webpages/images/275564/1950_PriceBreak_1963_tn.jpg
H663-40,https://go.cin7.com/webfiles/ProSciTechAU/webpages/images/275564/h663.jpg,https://go.cin7.com/webfiles/ProSciTechAU/webpages/images/275564/h663_tn.jpg
H677-24,https://go.cin7.com/webfiles/ProSciTechAU/webpages/images/275564/h677-24.jpg,https://go.cin7.com/webfiles/ProSciTechAU/webpages/images/275564/h677-24_tn.jpg
H690-10,https://go.cin7.com/webfiles/ProSciTechAU/webpages/images/275564/h690.jpg,https://go.cin7.com/webfiles/ProSciTechAU/webpages/images/275564/h690_tn.jpg
LB11-500,https://go.cin7.com/webfiles/ProSciTechAU/webpages/images/275564/lb11-500.jpg,https://go.cin7.com/webfiles/ProSciTechAU/webpages/images/275564/lb11-500_tn.jpg
LD1-AL,https://go.cin7.com/webfiles/ProSciTechAU/webpages/images/275564/ld-al.jpg,https://go.cin7.com/webfiles/ProSciTechAU/webpages/images/275564/ld-al_tn.jpg
LD12-Y,https://go.cin7.com/webfiles/ProSciTechAU/webpages/images/275564/ld1.jpg,https://go.cin7.com/webfiles/ProSciTechAU/webpages/images/275564/ld1_tn.jpg
LD16-050,https://go.cin7.com/webfiles/ProSciTechAU/webpages/images/275564/ld16-050.jpg,https://go.cin7.com/webfiles/ProSciTechAU/webpages/images/275564/ld16-050_tn.jpg
LD18,https://go.cin7.com/webfiles/ProSciTechAU/webpages/images/275564/ld1-pp.jpg,https://go.cin7.com/webfiles/ProSciTechAU/webpages/images/275564/ld1-pp_tn.jpg
T710,https://go.cin7.com/webfiles/ProSciTechAU/webpages/images/275564/t710.jpg,https://go.cin7.com/webfiles/ProSciTechAU/webpages/images/275564/t710_tn.jpg
T720,https://go.cin7.com/webfiles/ProSciTechAU/webpages/images/275564/t720.jpg,https://go.cin7.com/webfiles/ProSciTechAU/webpages/images/275564/t720_tn.jpg
T726,https://go.cin7.com/webfiles/ProSciTechAU/webpages/images/275564/t726.jpg,https://go.cin7.com/webfiles/ProSciTechAU/webpages/images/275564/t726_tn.jpg
T760-046,https://go.cin7.com/webfiles/ProSciTechAU/webpages/images/275564/t760.jpg,https://go.cin7.com/webfiles/ProSciTechAU/webpages/images/275564/t760_tn.jpg
L73-250-X,https://go.cin7.com/webfiles/ProSciTechAU/webpages/images/275564/11-146.jpg,https://go.cin7.com/webfiles/ProSciTechAU/webpages/images/275564/11-146_tn.jpg
LC17-093,https://go.cin7.com/webfiles/ProSciTechAU/webpages/images/275564/lc17-093.jpg,https://go.cin7.com/webfiles/ProSciTechAU/webpages/images/275564/lc17-093_tn.jpg
H425,https://go.cin7.com/webfiles/ProSciTechAU/webpages/images/275564/H425.jpg,https://go.cin7.com/webfiles/ProSciTechAU/webpages/images/275564/H425_tn.jpg
H425-D,https://go.cin7.com/webfiles/ProSciTechAU/webpages/images/275564/H425-D.jpg,https://go.cin7.com/webfiles/ProSciTechAU/webpages/images/275564/H425-D_tn.jpg
H425-R,https://go.cin7.com/webfiles/ProSciTechAU/webpages/images/275564/H425-R.jpg,https://go.cin7.com/webfiles/ProSciTechAU/webpages/images/275564/H425-R_tn.jpg
LCV4-0010,https://go.cin7.com/webfiles/ProSciTechAU/webpages/images/275564/lcv4.jpg,https://go.cin7.com/webfiles/ProSciTechAU/webpages/images/275564/lcv4_tn.jpg
LCVV5-0025,https://go.cin7.com/webfiles/ProSciTechAU/webpages/images/275564/lcvv5.jpg,https://go.cin7.com/webfiles/ProSciTechAU/webpages/images/275564/lcvv5_tn.jpg
LGV3-0100,https://go.cin7.com/webfiles/ProSciTechAU/webpages/images/275564/lgv3.jpg,https://go.cin7.com/webfiles/ProSciTechAU/webpages/images/275564/lgv3_tn.jpg
TCV2-03,https://go.cin7.com/webfiles/ProSciTechAU/webpages/images/275564/tcv2.jpg,https://go.cin7.com/webfiles/ProSciTechAU/webpages/images/275564/tcv2_tn.jpg
TCV3-03,https://go.cin7.com/webfiles/ProSciTechAU/webpages/images/275564/tcv3.jpg,https://go.cin7.com/webfiles/ProSciTechAU/webpages/images/275564/tcv3_tn.jpg
TSV-09,https://go.cin7.com/webfiles/ProSciTechAU/webpages/images/275564/tsv-pe.jpg,https://go.cin7.com/webfiles/ProSciTechAU/webpages/images/275564/tsv-pe_tn.jpg
TSV12-15,https://go.cin7.com/webfiles/ProSciTechAU/webpages/images/275564/tsv12.jpg,https://go.cin7.com/webfiles/ProSciTechAU/webpages/images/275564/tsv12_tn.jpg
TSV14-11,https://go.cin7.com/webfiles/ProSciTechAU/webpages/images/275564/tsv14-11.jpg,https://go.cin7.com/webfiles/ProSciTechAU/webpages/images/275564/tsv14-11_tn.jpg
I28-140B,https://go.cin7.com/webfiles/ProSciTechAU/webpages/images/275564/i28.jpg,https://go.cin7.com/webfiles/ProSciTechAU/webpages/images/275564/i28_tn.jpg
LS23-30,https://go.cin7.com/webfiles/ProSciTechAU/webpages/images/275564/ls23-30.jpg,https://go.cin7.com/webfiles/ProSciTechAU/webpages/images/275564/ls23-30_tn.jpg
H637-030,https://go.cin7.com/webfiles/ProSciTechAU/webpages/images/275564/h637.jpg,https://go.cin7.com/webfiles/ProSciTechAU/webpages/images/275564/h637_tn.jpg
H662-060,https://go.cin7.com/webfiles/ProSciTechAU/webpages/images/275564/evaporating-dish.jpg,https://go.cin7.com/webfiles/ProSciTechAU/webpages/images/275564/evaporating-dish_tn.jpg
L689,https://go.cin7.com/webfiles/ProSciTechAU/webpages/images/275564/l689.jpg,https://go.cin7.com/webfiles/ProSciTechAU/webpages/images/275564/l689_tn.jpg
LB8025-4,https://go.cin7.com/webfiles/ProSciTechAU/webpages/images/275564/lb8.jpg,https://go.cin7.com/webfiles/ProSciTechAU/webpages/images/275564/lb8_tn.jpg
LC1656,https://go.cin7.com/webfiles/ProSciTechAU/webpages/images/275564/lc16.jpg,https://go.cin7.com/webfiles/ProSciTechAU/webpages/images/275564/lc16_tn.jpg
LSRG-250,https://go.cin7.com/webfiles/ProSciTechAU/webpages/images/275564/lsrg.jpg,https://go.cin7.com/webfiles/ProSciTechAU/webpages/images/275564/lsrg_tn.jpg
LT2-03,https://go.cin7.com/webfiles/ProSciTechAU/webpages/images/275564/lt2.jpg,https://go.cin7.com/webfiles/ProSciTechAU/webpages/images/275564/lt2_tn.jpg
MS08,https://go.cin7.com/webfiles/ProSciTechAU/webpages/images/275564/ms.jpg,https://go.cin7.com/webfiles/ProSciTechAU/webpages/images/275564/ms_tn.jpg
R650-04,https://go.cin7.com/webfiles/ProSciTechAU/webpages/images/275564/r650_44f2d2dd-9f84-45cb-996c-f3b0ee14bade.jpg,https://go.cin7.com/webfiles/ProSciTechAU/webpages/images/275564/r650_44f2d2dd-9f84-45cb-996c-f3b0ee14bade_tn.jpg
T420,https://go.cin7.com/webfiles/ProSciTechAU/webpages/images/275564/t420.jpg,https://go.cin7.com/webfiles/ProSciTechAU/webpages/images/275564/t420_tn.jpg
T711,https://go.cin7.com/webfiles/ProSciTechAU/webpages/images/275564/t712.jpg,https://go.cin7.com/webfiles/ProSciTechAU/webpages/images/275564/t712_tn.jpg
T715,https://go.cin7.com/webfiles/ProSciTechAU/webpages/images/275564/t715-2.jpg,https://go.cin7.com/webfiles/ProSciTechAU/webpages/images/275564/t715-2_tn.jpg
T716,https://go.cin7.com/webfiles/ProSciTechAU/webpages/images/275564/t716.jpg,https://go.cin7.com/webfiles/ProSciTechAU/webpages/images/275564/t716_tn.jpg
T724-13,https://go.cin7.com/webfiles/ProSciTechAU/webpages/images/275564/t724.jpg,https://go.cin7.com/webfiles/ProSciTechAU/webpages/images/275564/t724_tn.jpg
T727,https://go.cin7.com/webfiles/ProSciTechAU/webpages/images/275564/t727.jpg,https://go.cin7.com/webfiles/ProSciTechAU/webpages/images/275564/t727_tn.jpg
T728-13,https://go.cin7.com/webfiles/ProSciTechAU/webpages/images/275564/t728.jpg,https://go.cin7.com/webfiles/ProSciTechAU/webpages/images/275564/t728_tn.jpg
TBB-A,https://go.cin7.com/webfiles/ProSciTechAU/webpages/images/275564/TBB-A.jpg,https://go.cin7.com/webfiles/ProSciTechAU/webpages/images/275564/TBB-A_tn.jpg
TBS-W127,https://go.cin7.com/webfiles/ProSciTechAU/webpages/images/275564/tbs-w127.jpg,https://go.cin7.com/webfiles/ProSciTechAU/webpages/images/275564/tbs-w127_tn.jpg
SSS-060,https://go.cin7.com/webfiles/ProSciTechAU/webpages/images/275564/sss.jpg,https://go.cin7.com/webfiles/ProSciTechAU/webpages/images/275564/sss_tn.jpg
VCCD-063,https://go.cin7.com/webfiles/ProSciTechAU/webpages/images/275564/vccd.jpg,https://go.cin7.com/webfiles/ProSciTechAU/webpages/images/275564/vccd_tn.jpg
VCWD-063,https://go.cin7.com/webfiles/ProSciTechAU/webpages/images/275564/vcwd.jpg,https://go.cin7.com/webfiles/ProSciTechAU/webpages/images/275564/vcwd_tn.jpg
E122-200,https://go.cin7.com/webfiles/ProSciTechAU/webpages/images/275564/e122.jpg,https://go.cin7.com/webfiles/ProSciTechAU/webpages/images/275564/e122_tn.jpg
E125-197,https://go.cin7.com/webfiles/ProSciTechAU/webpages/images/275564/e125.jpg,https://go.cin7.com/webfiles/ProSciTechAU/webpages/images/275564/e125_tn.jpg
H402-095,https://go.cin7.com/webfiles/ProSciTechAU/webpages/images/275564/h402.jpg,https://go.cin7.com/webfiles/ProSciTechAU/webpages/images/275564/h402_tn.jpg
H453,https://go.cin7.com/webfiles/ProSciTechAU/webpages/images/275564/h453.jpg,https://go.cin7.com/webfiles/ProSciTechAU/webpages/images/275564/h453_tn.jpg
HE28,https://go.cin7.com/webfiles/ProSciTechAU/webpages/images/275564/he28.jpg,https://go.cin7.com/webfiles/ProSciTechAU/webpages/images/275564/he28_tn.jpg
HG90,https://go.cin7.com/webfiles/ProSciTechAU/webpages/images/275564/hg90.jpg,https://go.cin7.com/webfiles/ProSciTechAU/webpages/images/275564/hg90_tn.jpg
L231-08,https://go.cin7.com/webfiles/ProSciTechAU/webpages/images/275564/l231.jpg,https://go.cin7.com/webfiles/ProSciTechAU/webpages/images/275564/l231_tn.jpg
L73-500,https://go.cin7.com/webfiles/ProSciTechAU/webpages/images/275564/l73.jpg,https://go.cin7.com/webfiles/ProSciTechAU/webpages/images/275564/l73_tn.jpg
L821-050,https://go.cin7.com/webfiles/ProSciTechAU/webpages/images/275564/l821-050.jpg,https://go.cin7.com/webfiles/ProSciTechAU/webpages/images/275564/l821-050_tn.jpg
L900-02,https://go.cin7.com/webfiles/ProSciTechAU/webpages/images/275564/l900-02.jpg,https://go.cin7.com/webfiles/ProSciTechAU/webpages/images/275564/l900-02_tn.jpg
LCA05-MP,https://go.cin7.com/webfiles/ProSciTechAU/webpages/images/275564/lca05-mp.jpg,https://go.cin7.com/webfiles/ProSciTechAU/webpages/images/275564/lca05-mp_tn.jpg
LCA11-16P,https://go.cin7.com/webfiles/ProSciTechAU/webpages/images/275564/lca11.jpg,https://go.cin7.com/webfiles/ProSciTechAU/webpages/images/275564/lca11_tn.jpg
LCA11-CAP16,https://go.cin7.com/webfiles/ProSciTechAU/webpages/images/275564/lca11.jpg,https://go.cin7.com/webfiles/ProSciTechAU/webpages/images/275564/lca11_tn.jpg
LCA13-75,https://go.cin7.com/webfiles/ProSciTechAU/webpages/images/275564/lca13.jpg,https://go.cin7.com/webfiles/ProSciTechAU/webpages/images/275564/lca13_tn.jpg
LD25-12,https://go.cin7.com/webfiles/ProSciTechAU/webpages/images/275564/ld25-12.jpg,https://go.cin7.com/webfiles/ProSciTechAU/webpages/images/275564/ld25-12_tn.jpg
LD33-D,https://go.cin7.com/webfiles/ProSciTechAU/webpages/images/275564/ld33.jpg,https://go.cin7.com/webfiles/ProSciTechAU/webpages/images/275564/ld33_tn.jpg
LD34,https://go.cin7.com/webfiles/ProSciTechAU/webpages/images/275564/ld34.jpg,https://go.cin7.com/webfiles/ProSciTechAU/webpages/images/275564/ld34_tn.jpg
LD9-W,https://go.cin7.com/webfiles/ProSciTechAU/webpages/images/275564/ld5-w.jpg,https://go.cin7.com/webfiles/ProSciTechAU/webpages/images/275564/ld5-w_tn.jpg
LF16-100,https://go.cin7.com/webfiles/ProSciTechAU/webpages/images/275564/lf16.jpg,https://go.cin7.com/webfiles/ProSciTechAU/webpages/images/275564/lf16_tn.jpg
LFV4-100,https://go.cin7.com/webfiles/ProSciTechAU/webpages/images/275564/lfv4.jpg,https://go.cin7.com/webfiles/ProSciTechAU/webpages/images/275564/lfv4_tn.jpg
LG72-0030,https://go.cin7.com/webfiles/ProSciTechAU/webpages/images/275564/lg72.jpg,https://go.cin7.com/webfiles/ProSciTechAU/webpages/images/275564/lg72_tn.jpg
LG74-1000,https://go.cin7.com/webfiles/ProSciTechAU/webpages/images/275564/lg74-1000.jpg,https://go.cin7.com/webfiles/ProSciTechAU/webpages/images/275564/lg74-1000_tn.jpg
LSRP-150,https://go.cin7.com/webfiles/ProSciTechAU/webpages/images/275564/lsrp.jpg,https://go.cin7.com/webfiles/ProSciTechAU/webpages/images/275564/lsrp_tn.jpg
T713-D,https://go.cin7.com/webfiles/ProSciTechAU/webpages/images/275564/t71-pp.jpg,https://go.cin7.com/webfiles/ProSciTechAU/webpages/images/275564/t71-pp_tn.jpg
T753-235,https://go.cin7.com/webfiles/ProSciTechAU/webpages/images/275564/t753.jpg,https://go.cin7.com/webfiles/ProSciTechAU/webpages/images/275564/t753_tn.jpg
TCV5-06,https://go.cin7.com/webfiles/ProSciTechAU/webpages/images/275564/tcv5.jpg,https://go.cin7.com/webfiles/ProSciTechAU/webpages/images/275564/tcv5_tn.jpg
TCV6-06,https://go.cin7.com/webfiles/ProSciTechAU/webpages/images/275564/tcv6.jpg,https://go.cin7.com/webfiles/ProSciTechAU/webpages/images/275564/tcv6_tn.jpg
TCV7-06,https://go.cin7.com/webfiles/ProSciTechAU/webpages/images/275564/tcv7.jpg,https://go.cin7.com/webfiles/ProSciTechAU/webpages/images/275564/tcv7_tn.jpg
TSV2-10,https://go.cin7.com/webfiles/ProSciTechAU/webpages/images/275564/tsv-pp.jpg,https://go.cin7.com/webfiles/ProSciTechAU/webpages/images/275564/tsv-pp_tn.jpg
HG70-35,https://go.cin7.com/webfiles/ProSciTechAU/webpages/images/275564/Capture_2ae96074-90a0-4921-85c8-19f9409f1c1f.PNG,https://go.cin7.com/webfiles/ProSciTechAU/webpages/images/275564/Capture_2ae96074-90a0-4921-85c8-19f9409f1c1f_tn.PNG
O7014,https://go.cin7.com/webfiles/ProSciTechAU/webpages/images/275564/o7014.jpg,https://go.cin7.com/webfiles/ProSciTechAU/webpages/images/275564/o7014_tn.jpg
OFF250-2,https://go.cin7.com/webfiles/ProSciTechAU/webpages/images/275564/fuse.jpg,https://go.cin7.com/webfiles/ProSciTechAU/webpages/images/275564/fuse_tn.jpg
OXJF-BM,https://go.cin7.com/webfiles/ProSciTechAU/webpages/images/275564/oxjf-bm.jpg,https://go.cin7.com/webfiles/ProSciTechAU/webpages/images/275564/oxjf-bm_tn.jpg
YD2030-050,https://go.cin7.com/webfiles/ProSciTechAU/webpages/images/275564/lns-dewar-vessel.jpg,https://go.cin7.com/webfiles/ProSciTechAU/webpages/images/275564/lns-dewar-vessel_tn.jpg
YDC010-050,https://go.cin7.com/webfiles/ProSciTechAU/webpages/images/275564/canister-w-handle.jpg,https://go.cin7.com/webfiles/ProSciTechAU/webpages/images/275564/canister-w-handle_tn.jpg
P230-E27,https://go.cin7.com/webfiles/ProSciTechAU/webpages/images/275564/p230.jpg,https://go.cin7.com/webfiles/ProSciTechAU/webpages/images/275564/p230_tn.jpg
IA030,https://go.cin7.com/webfiles/ProSciTechAU/webpages/images/275564/ia030.jpg,https://go.cin7.com/webfiles/ProSciTechAU/webpages/images/275564/ia030_tn.jpg
E112-150,https://go.cin7.com/webfiles/ProSciTechAU/webpages/images/275564/e112.jpg,https://go.cin7.com/webfiles/ProSciTechAU/webpages/images/275564/e112_tn.jpg
E124-150,https://go.cin7.com/webfiles/ProSciTechAU/webpages/images/275564/e124.jpg,https://go.cin7.com/webfiles/ProSciTechAU/webpages/images/275564/e124_tn.jpg
M051,https://go.cin7.com/webfiles/ProSciTechAU/webpages/images/275564/m051.jpg,https://go.cin7.com/webfiles/ProSciTechAU/webpages/images/275564/m051_tn.jpg
SUI22-12,https://go.cin7.com/webfiles/ProSciTechAU/webpages/images/275564/sui22.jpg,https://go.cin7.com/webfiles/ProSciTechAU/webpages/images/275564/sui22_tn.jpg
SUI23-12,https://go.cin7.com/webfiles/ProSciTechAU/webpages/images/275564/sui23.jpg,https://go.cin7.com/webfiles/ProSciTechAU/webpages/images/275564/sui23_tn.jpg
SUI32-12,https://go.cin7.com/webfiles/ProSciTechAU/webpages/images/275564/sui32-12.jpg,https://go.cin7.com/webfiles/ProSciTechAU/webpages/images/275564/sui32-12_tn.jpg
SUI4,https://go.cin7.com/webfiles/ProSciTechAU/webpages/images/275564/sui4.jpg,https://go.cin7.com/webfiles/ProSciTechAU/webpages/images/275564/sui4_tn.jpg
SUI612-050,https://go.cin7.com/webfiles/ProSciTechAU/webpages/images/275564/sui-3f.jpg,https://go.cin7.com/webfiles/ProSciTechAU/webpages/images/275564/sui-3f_tn.jpg
L63TC-13C,https://go.cin7.com/webfiles/ProSciTechAU/webpages/images/275564/l63tc.jpg,https://go.cin7.com/webfiles/ProSciTechAU/webpages/images/275564/l63tc_tn.jpg
O654,https://go.cin7.com/webfiles/ProSciTechAU/webpages/images/275564/o654a.jpg,https://go.cin7.com/webfiles/ProSciTechAU/webpages/images/275564/o654a_tn.jpg
L680,https://go.cin7.com/webfiles/ProSciTechAU/webpages/images/275564/l68-glass.jpg,https://go.cin7.com/webfiles/ProSciTechAU/webpages/images/275564/l68-glass_tn.jpg
LB101,https://go.cin7.com/webfiles/ProSciTechAU/webpages/images/275564/lb110.jpg,https://go.cin7.com/webfiles/ProSciTechAU/webpages/images/275564/lb110_tn.jpg
LC0100,https://go.cin7.com/webfiles/ProSciTechAU/webpages/images/275564/LC0.jpg,https://go.cin7.com/webfiles/ProSciTechAU/webpages/images/275564/LC0_tn.jpg
LC101,https://go.cin7.com/webfiles/ProSciTechAU/webpages/images/275564/lc1.jpg,https://go.cin7.com/webfiles/ProSciTechAU/webpages/images/275564/lc1_tn.jpg
LC30,https://go.cin7.com/webfiles/ProSciTechAU/webpages/images/275564/lc3.jpg,https://go.cin7.com/webfiles/ProSciTechAU/webpages/images/275564/lc3_tn.jpg
LCA32,https://go.cin7.com/webfiles/ProSciTechAU/webpages/images/275564/lca-glass.jpg,https://go.cin7.com/webfiles/ProSciTechAU/webpages/images/275564/lca-glass_tn.jpg
LCB12,https://go.cin7.com/webfiles/ProSciTechAU/webpages/images/275564/lcb12.jpg,https://go.cin7.com/webfiles/ProSciTechAU/webpages/images/275564/lcb12_tn.jpg
LCB19,https://go.cin7.com/webfiles/ProSciTechAU/webpages/images/275564/lcb19.jpg,https://go.cin7.com/webfiles/ProSciTechAU/webpages/images/275564/lcb19_tn.jpg
LF13-040,https://go.cin7.com/webfiles/ProSciTechAU/webpages/images/275564/lf13.jpg,https://go.cin7.com/webfiles/ProSciTechAU/webpages/images/275564/lf13_tn.jpg
LF14-100,https://go.cin7.com/webfiles/ProSciTechAU/webpages/images/275564/lf14.jpg,https://go.cin7.com/webfiles/ProSciTechAU/webpages/images/275564/lf14_tn.jpg
YCA17-50B,https://go.cin7.com/webfiles/ProSciTechAU/webpages/images/275564/yca17-50b.jpg,https://go.cin7.com/webfiles/ProSciTechAU/webpages/images/275564/yca17-50b_tn.jpg
L66-040S,https://go.cin7.com/webfiles/ProSciTechAU/webpages/images/275564/l66-cap.jpg,https://go.cin7.com/webfiles/ProSciTechAU/webpages/images/275564/l66-cap_tn.jpg
H163-2,https://go.cin7.com/webfiles/ProSciTechAU/webpages/images/275564/h163-2.jpg,https://go.cin7.com/webfiles/ProSciTechAU/webpages/images/275564/h163-2_tn.jpg
HG22-500,https://go.cin7.com/webfiles/ProSciTechAU/webpages/images/275564/motar.jpg,https://go.cin7.com/webfiles/ProSciTechAU/webpages/images/275564/motar_tn.jpg
M262,https://go.cin7.com/webfiles/ProSciTechAU/webpages/images/275564/m26.jpg,https://go.cin7.com/webfiles/ProSciTechAU/webpages/images/275564/m26_tn.jpg
MF05,https://go.cin7.com/webfiles/ProSciTechAU/webpages/images/275564/mf05.jpg,https://go.cin7.com/webfiles/ProSciTechAU/webpages/images/275564/mf05_tn.jpg
MF07,https://go.cin7.com/webfiles/ProSciTechAU/webpages/images/275564/mf07.jpg,https://go.cin7.com/webfiles/ProSciTechAU/webpages/images/275564/mf07_tn.jpg
MF08,https://go.cin7.com/webfiles/ProSciTechAU/webpages/images/275564/mf08.jpg,https://go.cin7.com/webfiles/ProSciTechAU/webpages/images/275564/mf08_tn.jpg
EWBT-08,https://go.cin7.com/webfiles/ProSciTechAU/webpages/images/275564/ewbt-08.jpg,https://go.cin7.com/webfiles/ProSciTechAU/webpages/images/275564/ewbt-08_tn.jpg
MBK-N95,https://go.cin7.com/webfiles/ProSciTechAU/webpages/images/275564/N95-mask.jpg,https://go.cin7.com/webfiles/ProSciTechAU/webpages/images/275564/N95-mask_tn.jpg
VF4-01,https://go.cin7.com/webfiles/ProSciTechAU/webpages/images/275564/vf4-04.jpg,https://go.cin7.com/webfiles/ProSciTechAU/webpages/images/275564/vf4-04_tn.jpg
E12-001,https://go.cin7.com/webfiles/ProSciTechAU/webpages/images/275564/e123_600x_crop_center.jpg,https://go.cin7.com/webfiles/ProSciTechAU/webpages/images/275564/e123_600x_crop_center_tn.jpg
E12-005,https://go.cin7.com/webfiles/ProSciTechAU/webpages/images/275564/e12-007.jpg,https://go.cin7.com/webfiles/ProSciTechAU/webpages/images/275564/e12-007_tn.jpg
E12-101,https://go.cin7.com/webfiles/ProSciTechAU/webpages/images/275564/e125_600x_crop_center.jpg,https://go.cin7.com/webfiles/ProSciTechAU/webpages/images/275564/e125_600x_crop_center_tn.jpg
H431,https://go.cin7.com/webfiles/ProSciTechAU/webpages/images/275564/h433.jpg,https://go.cin7.com/webfiles/ProSciTechAU/webpages/images/275564/h433_tn.jpg
H44200,https://go.cin7.com/webfiles/ProSciTechAU/webpages/images/275564/h44200.jpg,https://go.cin7.com/webfiles/ProSciTechAU/webpages/images/275564/h44200_tn.jpg
H44581,https://go.cin7.com/webfiles/ProSciTechAU/webpages/images/275564/h44581.jpg,https://go.cin7.com/webfiles/ProSciTechAU/webpages/images/275564/h44581_tn.jpg
H4650C,https://go.cin7.com/webfiles/ProSciTechAU/webpages/images/275564/h4650c.jpg,https://go.cin7.com/webfiles/ProSciTechAU/webpages/images/275564/h4650c_tn.jpg
H638,https://go.cin7.com/webfiles/ProSciTechAU/webpages/images/275564/h638.jpg,https://go.cin7.com/webfiles/ProSciTechAU/webpages/images/275564/h638_tn.jpg
H731,https://go.cin7.com/webfiles/ProSciTechAU/webpages/images/275564/expandable-drawer.jpg,https://go.cin7.com/webfiles/ProSciTechAU/webpages/images/275564/expandable-drawer_tn.jpg
HG76-02M,https://go.cin7.com/webfiles/ProSciTechAU/webpages/images/275564/hg76m.jpg,https://go.cin7.com/webfiles/ProSciTechAU/webpages/images/275564/hg76m_tn.jpg
HG76-02P,https://go.cin7.com/webfiles/ProSciTechAU/webpages/images/275564/hg76-close.jpg,https://go.cin7.com/webfiles/ProSciTechAU/webpages/images/275564/hg76-close_tn.jpg
ID02BE,https://go.cin7.com/webfiles/ProSciTechAU/webpages/images/275564/id02.jpg,https://go.cin7.com/webfiles/ProSciTechAU/webpages/images/275564/id02_tn.jpg
L133-080,https://go.cin7.com/webfiles/ProSciTechAU/webpages/images/275564/l133.jpg,https://go.cin7.com/webfiles/ProSciTechAU/webpages/images/275564/l133_tn.jpg
L13463-0075,https://go.cin7.com/webfiles/ProSciTechAU/webpages/images/275564/l13463.jpg,https://go.cin7.com/webfiles/ProSciTechAU/webpages/images/275564/l13463_tn.jpg
L135-075,https://go.cin7.com/webfiles/ProSciTechAU/webpages/images/275564/l135.jpg,https://go.cin7.com/webfiles/ProSciTechAU/webpages/images/275564/l135_tn.jpg
L151,https://go.cin7.com/webfiles/ProSciTechAU/webpages/images/275564/l151.jpg,https://go.cin7.com/webfiles/ProSciTechAU/webpages/images/275564/l151_tn.jpg
L180B,https://go.cin7.com/webfiles/ProSciTechAU/webpages/images/275564/l180b.jpg,https://go.cin7.com/webfiles/ProSciTechAU/webpages/images/275564/l180b_tn.jpg
L231-05-PE,https://go.cin7.com/webfiles/ProSciTechAU/webpages/images/275564/l231.jpg,https://go.cin7.com/webfiles/ProSciTechAU/webpages/images/275564/l231_tn.jpg
L7-040,https://go.cin7.com/webfiles/ProSciTechAU/webpages/images/275564/l7-040.jpg,https://go.cin7.com/webfiles/ProSciTechAU/webpages/images/275564/l7-040_tn.jpg
LCA12-070,https://go.cin7.com/webfiles/ProSciTechAU/webpages/images/275564/lca12.jpg,https://go.cin7.com/webfiles/ProSciTechAU/webpages/images/275564/lca12_tn.jpg
LCY17-0004,https://go.cin7.com/webfiles/ProSciTechAU/webpages/images/275564/lg75.jpg,https://go.cin7.com/webfiles/ProSciTechAU/webpages/images/275564/lg75_tn.jpg
TCV3-03X,https://go.cin7.com/webfiles/ProSciTechAU/webpages/images/275564/tcv3.jpg,https://go.cin7.com/webfiles/ProSciTechAU/webpages/images/275564/tcv3_tn.jpg
TCV5-03X,https://go.cin7.com/webfiles/ProSciTechAU/webpages/images/275564/tcv5.jpg,https://go.cin7.com/webfiles/ProSciTechAU/webpages/images/275564/tcv5_tn.jpg
TCV6-03X,https://go.cin7.com/webfiles/ProSciTechAU/webpages/images/275564/tcv6.jpg,https://go.cin7.com/webfiles/ProSciTechAU/webpages/images/275564/tcv6_tn.jpg
H6-1000,https://go.cin7.com/webfiles/ProSciTechAU/webpages/images/275564/h6.jpg,https://go.cin7.com/webfiles/ProSciTechAU/webpages/images/275564/h6_tn.jpg
L146-005,https://go.cin7.com/webfiles/ProSciTechAU/webpages/images/275564/l146.jpg,https://go.cin7.com/webfiles/ProSciTechAU/webpages/images/275564/l146_tn.jpg
L238-018,https://go.cin7.com/webfiles/ProSciTechAU/webpages/images/275564/l238-018.jpg,https://go.cin7.com/webfiles/ProSciTechAU/webpages/images/275564/l238-018_tn.jpg
L72-250,https://go.cin7.com/webfiles/ProSciTechAU/webpages/images/275564/134393.jpg,https://go.cin7.com/webfiles/ProSciTechAU/webpages/images/275564/134393_tn.jpg
L7A-250,https://go.cin7.com/webfiles/ProSciTechAU/webpages/images/275564/l7-w.jpg,https://go.cin7.com/webfiles/ProSciTechAU/webpages/images/275564/l7-w_tn.jpg
L7C-500B,https://go.cin7.com/webfiles/ProSciTechAU/webpages/images/275564/l7c.jpg,https://go.cin7.com/webfiles/ProSciTechAU/webpages/images/275564/l7c_tn.jpg
LBV2-0010,https://go.cin7.com/webfiles/ProSciTechAU/webpages/images/275564/lbv2.jpg,https://go.cin7.com/webfiles/ProSciTechAU/webpages/images/275564/lbv2_tn.jpg
LBV4-0010,https://go.cin7.com/webfiles/ProSciTechAU/webpages/images/275564/lbv4.jpg,https://go.cin7.com/webfiles/ProSciTechAU/webpages/images/275564/lbv4_tn.jpg
LBV5-500B,https://go.cin7.com/webfiles/ProSciTechAU/webpages/images/275564/lbv5.jpg,https://go.cin7.com/webfiles/ProSciTechAU/webpages/images/275564/lbv5_tn.jpg
LCEV2-0050,https://go.cin7.com/webfiles/ProSciTechAU/webpages/images/275564/lcev2.jpg,https://go.cin7.com/webfiles/ProSciTechAU/webpages/images/275564/lcev2_tn.jpg
LCEV4-0050,https://go.cin7.com/webfiles/ProSciTechAU/webpages/images/275564/lcev4.jpg,https://go.cin7.com/webfiles/ProSciTechAU/webpages/images/275564/lcev4_tn.jpg
LCV2-0010,https://go.cin7.com/webfiles/ProSciTechAU/webpages/images/275564/lcv2.jpg,https://go.cin7.com/webfiles/ProSciTechAU/webpages/images/275564/lcv2_tn.jpg
LCVV2-0010,https://go.cin7.com/webfiles/ProSciTechAU/webpages/images/275564/lcvv2.jpg,https://go.cin7.com/webfiles/ProSciTechAU/webpages/images/275564/lcvv2_tn.jpg
LCVV4-0010,https://go.cin7.com/webfiles/ProSciTechAU/webpages/images/275564/lcvv4.jpg,https://go.cin7.com/webfiles/ProSciTechAU/webpages/images/275564/lcvv4_tn.jpg
LFV2-030,https://go.cin7.com/webfiles/ProSciTechAU/webpages/images/275564/lfv2.jpg,https://go.cin7.com/webfiles/ProSciTechAU/webpages/images/275564/lfv2_tn.jpg
LFV3-065,https://go.cin7.com/webfiles/ProSciTechAU/webpages/images/275564/lfv3.jpg,https://go.cin7.com/webfiles/ProSciTechAU/webpages/images/275564/lfv3_tn.jpg
LGV2-0100,https://go.cin7.com/webfiles/ProSciTechAU/webpages/images/275564/lgv2.jpg,https://go.cin7.com/webfiles/ProSciTechAU/webpages/images/275564/lgv2_tn.jpg
LGV4-0100,https://go.cin7.com/webfiles/ProSciTechAU/webpages/images/275564/lgv5.jpg,https://go.cin7.com/webfiles/ProSciTechAU/webpages/images/275564/lgv5_tn.jpg
LPV3-01,https://go.cin7.com/webfiles/ProSciTechAU/webpages/images/275564/lpv3.jpg,https://go.cin7.com/webfiles/ProSciTechAU/webpages/images/275564/lpv3_tn.jpg
LPV6-5,https://go.cin7.com/webfiles/ProSciTechAU/webpages/images/275564/lpv6-5.jpg,https://go.cin7.com/webfiles/ProSciTechAU/webpages/images/275564/lpv6-5_tn.jpg
SDV3-0100-28,https://go.cin7.com/webfiles/ProSciTechAU/webpages/images/275564/sdv3.jpg,https://go.cin7.com/webfiles/ProSciTechAU/webpages/images/275564/sdv3_tn.jpg
TCV4-U5,https://go.cin7.com/webfiles/ProSciTechAU/webpages/images/275564/tcv4-u5.jpg,https://go.cin7.com/webfiles/ProSciTechAU/webpages/images/275564/tcv4-u5_tn.jpg
TP099,https://go.cin7.com/webfiles/ProSciTechAU/webpages/images/275564/tp-pmp.jpg,https://go.cin7.com/webfiles/ProSciTechAU/webpages/images/275564/tp-pmp_tn.jpg
TPV-115,https://go.cin7.com/webfiles/ProSciTechAU/webpages/images/275564/tpv-pom.jpg,https://go.cin7.com/webfiles/ProSciTechAU/webpages/images/275564/tpv-pom_tn.jpg
TSV13-09,https://go.cin7.com/webfiles/ProSciTechAU/webpages/images/275564/tsv13-09.jpg,https://go.cin7.com/webfiles/ProSciTechAU/webpages/images/275564/tsv13-09_tn.jpg
H408,https://go.cin7.com/webfiles/ProSciTechAU/webpages/images/275564/petri-dishes-ps-sterile.jpg,https://go.cin7.com/webfiles/ProSciTechAU/webpages/images/275564/petri-dishes-ps-sterile_tn.jpg
H4282-30,https://go.cin7.com/webfiles/ProSciTechAU/webpages/images/275564/h4282-30.jpg,https://go.cin7.com/webfiles/ProSciTechAU/webpages/images/275564/h4282-30_tn.jpg
H4283-60,https://go.cin7.com/webfiles/ProSciTechAU/webpages/images/275564/h4283-60.jpg,https://go.cin7.com/webfiles/ProSciTechAU/webpages/images/275564/h4283-60_tn.jpg
H470-G,https://go.cin7.com/webfiles/ProSciTechAU/webpages/images/275564/h474-2.jpg,https://go.cin7.com/webfiles/ProSciTechAU/webpages/images/275564/h474-2_tn.jpg
HCA30-04,https://go.cin7.com/webfiles/ProSciTechAU/webpages/images/275564/hca30.jpg,https://go.cin7.com/webfiles/ProSciTechAU/webpages/images/275564/hca30_tn.jpg
HCE03,https://go.cin7.com/webfiles/ProSciTechAU/webpages/images/275564/hce03.jpg,https://go.cin7.com/webfiles/ProSciTechAU/webpages/images/275564/hce03_tn.jpg
HCE04,https://go.cin7.com/webfiles/ProSciTechAU/webpages/images/275564/2076_PriceBreak_2089.jpg,https://go.cin7.com/webfiles/ProSciTechAU/webpages/images/275564/2076_PriceBreak_2089_tn.jpg
HCE06,https://go.cin7.com/webfiles/ProSciTechAU/webpages/images/275564/hce06.jpg,https://go.cin7.com/webfiles/ProSciTechAU/webpages/images/275564/hce06_tn.jpg
HCE10,https://go.cin7.com/webfiles/ProSciTechAU/webpages/images/275564/hce10.jpg,https://go.cin7.com/webfiles/ProSciTechAU/webpages/images/275564/hce10_tn.jpg
L140B-005,https://go.cin7.com/webfiles/ProSciTechAU/webpages/images/275564/l140-ps.jpg,https://go.cin7.com/webfiles/ProSciTechAU/webpages/images/275564/l140-ps_tn.jpg
L629-30,https://go.cin7.com/webfiles/ProSciTechAU/webpages/images/275564/l629-30.jpg,https://go.cin7.com/webfiles/ProSciTechAU/webpages/images/275564/l629-30_tn.jpg
LC76-10,https://go.cin7.com/webfiles/ProSciTechAU/webpages/images/275564/lc76-10.jpg,https://go.cin7.com/webfiles/ProSciTechAU/webpages/images/275564/lc76-10_tn.jpg
LCA01,https://go.cin7.com/webfiles/ProSciTechAU/webpages/images/275564/lca-pp.jpg,https://go.cin7.com/webfiles/ProSciTechAU/webpages/images/275564/lca-pp_tn.jpg
LCA04-15PET,https://go.cin7.com/webfiles/ProSciTechAU/webpages/images/275564/lca04-15pet.jpg,https://go.cin7.com/webfiles/ProSciTechAU/webpages/images/275564/lca04-15pet_tn.jpg
LCA05-G,https://go.cin7.com/webfiles/ProSciTechAU/webpages/images/275564/lca05.jpg,https://go.cin7.com/webfiles/ProSciTechAU/webpages/images/275564/lca05_tn.jpg
LCA09-02,https://go.cin7.com/webfiles/ProSciTechAU/webpages/images/275564/lca09-02.jpg,https://go.cin7.com/webfiles/ProSciTechAU/webpages/images/275564/lca09-02_tn.jpg
LCA09-05,https://go.cin7.com/webfiles/ProSciTechAU/webpages/images/275564/lca09.jpg,https://go.cin7.com/webfiles/ProSciTechAU/webpages/images/275564/lca09_tn.jpg
LCA10-05,https://go.cin7.com/webfiles/ProSciTechAU/webpages/images/275564/lca10.jpg,https://go.cin7.com/webfiles/ProSciTechAU/webpages/images/275564/lca10_tn.jpg
LCB04-08,https://go.cin7.com/webfiles/ProSciTechAU/webpages/images/275564/lcb04.jpg,https://go.cin7.com/webfiles/ProSciTechAU/webpages/images/275564/lcb04_tn.jpg
LCB12-03,https://go.cin7.com/webfiles/ProSciTechAU/webpages/images/275564/lcb12-pp.jpg,https://go.cin7.com/webfiles/ProSciTechAU/webpages/images/275564/lcb12-pp_tn.jpg
LCH192,https://go.cin7.com/webfiles/ProSciTechAU/webpages/images/275564/20160608153793209320.jpg,https://go.cin7.com/webfiles/ProSciTechAU/webpages/images/275564/20160608153793209320_tn.jpg
LCH23-15,https://go.cin7.com/webfiles/ProSciTechAU/webpages/images/275564/1519_PriceBreak_1531.jpg,https://go.cin7.com/webfiles/ProSciTechAU/webpages/images/275564/1519_PriceBreak_1531_tn.jpg
LD14,https://go.cin7.com/webfiles/ProSciTechAU/webpages/images/275564/ld14.jpg,https://go.cin7.com/webfiles/ProSciTechAU/webpages/images/275564/ld14_tn.jpg
LD5-R,https://go.cin7.com/webfiles/ProSciTechAU/webpages/images/275564/ld-ec.jpg,https://go.cin7.com/webfiles/ProSciTechAU/webpages/images/275564/ld-ec_tn.jpg
LD60-B,https://go.cin7.com/webfiles/ProSciTechAU/webpages/images/275564/ld60.jpg,https://go.cin7.com/webfiles/ProSciTechAU/webpages/images/275564/ld60_tn.jpg
LD61-B,https://go.cin7.com/webfiles/ProSciTechAU/webpages/images/275564/ld6.jpg,https://go.cin7.com/webfiles/ProSciTechAU/webpages/images/275564/ld6_tn.jpg
LD63-O,https://go.cin7.com/webfiles/ProSciTechAU/webpages/images/275564/ld63-o.jpg,https://go.cin7.com/webfiles/ProSciTechAU/webpages/images/275564/ld63-o_tn.jpg
LD70-G,https://go.cin7.com/webfiles/ProSciTechAU/webpages/images/275564/ld70.jpg,https://go.cin7.com/webfiles/ProSciTechAU/webpages/images/275564/ld70_tn.jpg
LD71-B,https://go.cin7.com/webfiles/ProSciTechAU/webpages/images/275564/ld71.jpg,https://go.cin7.com/webfiles/ProSciTechAU/webpages/images/275564/ld71_tn.jpg
LP21-0010-DWS,https://go.cin7.com/webfiles/ProSciTechAU/webpages/images/275564/lp21.jpg,https://go.cin7.com/webfiles/ProSciTechAU/webpages/images/275564/lp21_tn.jpg
LS20S-060,https://go.cin7.com/webfiles/ProSciTechAU/webpages/images/275564/ls20s-060.jpg,https://go.cin7.com/webfiles/ProSciTechAU/webpages/images/275564/ls20s-060_tn.jpg
LS21-07,https://go.cin7.com/webfiles/ProSciTechAU/webpages/images/275564/ls21-07.jpg,https://go.cin7.com/webfiles/ProSciTechAU/webpages/images/275564/ls21-07_tn.jpg
LS22-30,https://go.cin7.com/webfiles/ProSciTechAU/webpages/images/275564/ls22-30.jpg,https://go.cin7.com/webfiles/ProSciTechAU/webpages/images/275564/ls22-30_tn.jpg
LS24-020,https://go.cin7.com/webfiles/ProSciTechAU/webpages/images/275564/ls24.jpg,https://go.cin7.com/webfiles/ProSciTechAU/webpages/images/275564/ls24_tn.jpg
LS25-70PL-DWS,https://go.cin7.com/webfiles/ProSciTechAU/webpages/images/275564/ls25.jpg,https://go.cin7.com/webfiles/ProSciTechAU/webpages/images/275564/ls25_tn.jpg
LS26-60,https://go.cin7.com/webfiles/ProSciTechAU/webpages/images/275564/4455_PriceBreak_4548.jpg,https://go.cin7.com/webfiles/ProSciTechAU/webpages/images/275564/4455_PriceBreak_4548_tn.jpg
LS28-70S,https://go.cin7.com/webfiles/ProSciTechAU/webpages/images/275564/ls27.jpg,https://go.cin7.com/webfiles/ProSciTechAU/webpages/images/275564/ls27_tn.jpg
RCH40-W,https://go.cin7.com/webfiles/ProSciTechAU/webpages/images/275564/rch40.jpg,https://go.cin7.com/webfiles/ProSciTechAU/webpages/images/275564/rch40_tn.jpg
RCH42-W,https://go.cin7.com/webfiles/ProSciTechAU/webpages/images/275564/rch42.jpg,https://go.cin7.com/webfiles/ProSciTechAU/webpages/images/275564/rch42_tn.jpg
RCH44-W,https://go.cin7.com/webfiles/ProSciTechAU/webpages/images/275564/rch44.jpg,https://go.cin7.com/webfiles/ProSciTechAU/webpages/images/275564/rch44_tn.jpg
YC20,https://go.cin7.com/webfiles/ProSciTechAU/webpages/images/275564/yc20.jpg,https://go.cin7.com/webfiles/ProSciTechAU/webpages/images/275564/yc20_tn.jpg
YC21-016,https://go.cin7.com/webfiles/ProSciTechAU/webpages/images/275564/yc21.jpg,https://go.cin7.com/webfiles/ProSciTechAU/webpages/images/275564/yc21_tn.jpg
YC22-064,https://go.cin7.com/webfiles/ProSciTechAU/webpages/images/275564/yc22.jpg,https://go.cin7.com/webfiles/ProSciTechAU/webpages/images/275564/yc22_tn.jpg
YT340-12B,https://go.cin7.com/webfiles/ProSciTechAU/webpages/images/275564/yt340.jpg,https://go.cin7.com/webfiles/ProSciTechAU/webpages/images/275564/yt340_tn.jpg
VFV30-110,https://go.cin7.com/webfiles/ProSciTechAU/webpages/images/275564/vfv.jpg,https://go.cin7.com/webfiles/ProSciTechAU/webpages/images/275564/vfv_tn.jpg
VFV9-HEPA,https://go.cin7.com/webfiles/ProSciTechAU/webpages/images/275564/vfv-hepa.jpg,https://go.cin7.com/webfiles/ProSciTechAU/webpages/images/275564/vfv-hepa_tn.jpg
H65-010,https://go.cin7.com/webfiles/ProSciTechAU/webpages/images/275564/h65.jpg,https://go.cin7.com/webfiles/ProSciTechAU/webpages/images/275564/h65_tn.jpg
L34-053,https://go.cin7.com/webfiles/ProSciTechAU/webpages/images/275564/l34.jpg,https://go.cin7.com/webfiles/ProSciTechAU/webpages/images/275564/l34_tn.jpg
L35-1005,https://go.cin7.com/webfiles/ProSciTechAU/webpages/images/275564/l35.jpg,https://go.cin7.com/webfiles/ProSciTechAU/webpages/images/275564/l35_tn.jpg
L37-1006,https://go.cin7.com/webfiles/ProSciTechAU/webpages/images/275564/l37.jpg,https://go.cin7.com/webfiles/ProSciTechAU/webpages/images/275564/l37_tn.jpg
L39-42,https://go.cin7.com/webfiles/ProSciTechAU/webpages/images/275564/l39.jpg,https://go.cin7.com/webfiles/ProSciTechAU/webpages/images/275564/l39_tn.jpg
L3R-350,https://go.cin7.com/webfiles/ProSciTechAU/webpages/images/275564/l3r.jpg,https://go.cin7.com/webfiles/ProSciTechAU/webpages/images/275564/l3r_tn.jpg
L51-12,https://go.cin7.com/webfiles/ProSciTechAU/webpages/images/275564/l51.jpg,https://go.cin7.com/webfiles/ProSciTechAU/webpages/images/275564/l51_tn.jpg
L52-250,https://go.cin7.com/webfiles/ProSciTechAU/webpages/images/275564/l52.jpg,https://go.cin7.com/webfiles/ProSciTechAU/webpages/images/275564/l52_tn.jpg
LB30-0030,https://go.cin7.com/webfiles/ProSciTechAU/webpages/images/275564/lb30.jpg,https://go.cin7.com/webfiles/ProSciTechAU/webpages/images/275564/lb30_tn.jpg
S8060,https://go.cin7.com/webfiles/ProSciTechAU/webpages/images/275564/s8061.jpg,https://go.cin7.com/webfiles/ProSciTechAU/webpages/images/275564/s8061_tn.jpg
MLB-N-110,https://go.cin7.com/webfiles/ProSciTechAU/webpages/images/275564/mlb-n.jpg,https://go.cin7.com/webfiles/ProSciTechAU/webpages/images/275564/mlb-n_tn.jpg
SCW1-0200-F1,https://go.cin7.com/webfiles/ProSciTechAU/webpages/images/275564/scw.jpg,https://go.cin7.com/webfiles/ProSciTechAU/webpages/images/275564/scw_tn.jpg
Y7201,https://go.cin7.com/webfiles/ProSciTechAU/webpages/images/275564/y7201.jpg,https://go.cin7.com/webfiles/ProSciTechAU/webpages/images/275564/y7201_tn.jpg
LC7512-T-UU,https://go.cin7.com/webfiles/ProSciTechAU/webpages/images/275564/lc7512-t-uu.jpg,https://go.cin7.com/webfiles/ProSciTechAU/webpages/images/275564/lc7512-t-uu_tn.jpg
LP5527-UU,https://go.cin7.com/webfiles/ProSciTechAU/webpages/images/275564/lp5527-uu.jpg,https://go.cin7.com/webfiles/ProSciTechAU/webpages/images/275564/lp5527-uu_tn.jpg
LP5744-UL,https://go.cin7.com/webfiles/ProSciTechAU/webpages/images/275564/lp5744-ul.jpg,https://go.cin7.com/webfiles/ProSciTechAU/webpages/images/275564/lp5744-ul_tn.jpg
LS10065-UL,https://go.cin7.com/webfiles/ProSciTechAU/webpages/images/275564/ls10065-ul.jpg,https://go.cin7.com/webfiles/ProSciTechAU/webpages/images/275564/ls10065-ul_tn.jpg
FL530-C,https://go.cin7.com/webfiles/ProSciTechAU/webpages/images/275564/fl530-c.jpg,https://go.cin7.com/webfiles/ProSciTechAU/webpages/images/275564/fl530-c_tn.jpg
FL535R,https://go.cin7.com/webfiles/ProSciTechAU/webpages/images/275564/fl535r.jpg,https://go.cin7.com/webfiles/ProSciTechAU/webpages/images/275564/fl535r_tn.jpg
FL550-C,https://go.cin7.com/webfiles/ProSciTechAU/webpages/images/275564/fl550-c.jpg,https://go.cin7.com/webfiles/ProSciTechAU/webpages/images/275564/fl550-c_tn.jpg
G342-X,https://go.cin7.com/webfiles/ProSciTechAU/webpages/images/275564/twin_cavity_slide.jpg,https://go.cin7.com/webfiles/ProSciTechAU/webpages/images/275564/twin_cavity_slide_tn.jpg
H150,https://go.cin7.com/webfiles/ProSciTechAU/webpages/images/275564/capillary-tubes.jpg,https://go.cin7.com/webfiles/ProSciTechAU/webpages/images/275564/capillary-tubes_tn.jpg
H202-C,https://go.cin7.com/webfiles/ProSciTechAU/webpages/images/275564/h202.jpg,https://go.cin7.com/webfiles/ProSciTechAU/webpages/images/275564/h202_tn.jpg
H424-B06,https://go.cin7.com/webfiles/ProSciTechAU/webpages/images/275564/h424.jpg,https://go.cin7.com/webfiles/ProSciTechAU/webpages/images/275564/h424_tn.jpg
H621-050,https://go.cin7.com/webfiles/ProSciTechAU/webpages/images/275564/h621.jpg,https://go.cin7.com/webfiles/ProSciTechAU/webpages/images/275564/h621_tn.jpg
H661-5514,https://go.cin7.com/webfiles/ProSciTechAU/webpages/images/275564/h661-5514.jpg,https://go.cin7.com/webfiles/ProSciTechAU/webpages/images/275564/h661-5514_tn.jpg
H670-015,https://go.cin7.com/webfiles/ProSciTechAU/webpages/images/275564/porcelain-crucibles-w-lid.jpg,https://go.cin7.com/webfiles/ProSciTechAU/webpages/images/275564/porcelain-crucibles-w-lid_tn.jpg
H677-25,https://go.cin7.com/webfiles/ProSciTechAU/webpages/images/275564/h677.jpg,https://go.cin7.com/webfiles/ProSciTechAU/webpages/images/275564/h677_tn.jpg
H678-20-X,https://go.cin7.com/webfiles/ProSciTechAU/webpages/images/275564/h678.jpg,https://go.cin7.com/webfiles/ProSciTechAU/webpages/images/275564/h678_tn.jpg
H680,https://go.cin7.com/webfiles/ProSciTechAU/webpages/images/275564/h680.jpg,https://go.cin7.com/webfiles/ProSciTechAU/webpages/images/275564/h680_tn.jpg
HG20-060,https://go.cin7.com/webfiles/ProSciTechAU/webpages/images/275564/hg20.jpg,https://go.cin7.com/webfiles/ProSciTechAU/webpages/images/275564/hg20_tn.jpg
L63TD-13-X,https://go.cin7.com/webfiles/ProSciTechAU/webpages/images/275564/l63tc.jpg,https://go.cin7.com/webfiles/ProSciTechAU/webpages/images/275564/l63tc_tn.jpg
LD20,https://go.cin7.com/webfiles/ProSciTechAU/webpages/images/275564/ld20.jpg,https://go.cin7.com/webfiles/ProSciTechAU/webpages/images/275564/ld20_tn.jpg
LDB-PE-30,https://go.cin7.com/webfiles/ProSciTechAU/webpages/images/275564/ldb-pe-30.jpg,https://go.cin7.com/webfiles/ProSciTechAU/webpages/images/275564/ldb-pe-30_tn.jpg
LT2-03-X,https://go.cin7.com/webfiles/ProSciTechAU/webpages/images/275564/lt2.jpg,https://go.cin7.com/webfiles/ProSciTechAU/webpages/images/275564/lt2_tn.jpg
OXD-DG,https://go.cin7.com/webfiles/ProSciTechAU/webpages/images/275564/OXD-GN.jpg,https://go.cin7.com/webfiles/ProSciTechAU/webpages/images/275564/OXD-GN_tn.jpg
OXD-RL,https://go.cin7.com/webfiles/ProSciTechAU/webpages/images/275564/OXD-RL.jpg,https://go.cin7.com/webfiles/ProSciTechAU/webpages/images/275564/OXD-RL_tn.jpg
OXD9-B,https://go.cin7.com/webfiles/ProSciTechAU/webpages/images/275564/oxd9-b-square.jpg,https://go.cin7.com/webfiles/ProSciTechAU/webpages/images/275564/oxd9-b-square_tn.jpg
R650-05-X,https://go.cin7.com/webfiles/ProSciTechAU/webpages/images/275564/r650.jpg,https://go.cin7.com/webfiles/ProSciTechAU/webpages/images/275564/r650_tn.jpg
R652-07,https://go.cin7.com/webfiles/ProSciTechAU/webpages/images/275564/r652.jpg,https://go.cin7.com/webfiles/ProSciTechAU/webpages/images/275564/r652_tn.jpg
S81K,https://go.cin7.com/webfiles/ProSciTechAU/webpages/images/275564/s81k.jpg,https://go.cin7.com/webfiles/ProSciTechAU/webpages/images/275564/s81k_tn.jpg
S82-21,https://go.cin7.com/webfiles/ProSciTechAU/webpages/images/275564/s82-21.jpg,https://go.cin7.com/webfiles/ProSciTechAU/webpages/images/275564/s82-21_tn.jpg
T310-ALX,https://go.cin7.com/webfiles/ProSciTechAU/webpages/images/275564/t315-al.jpg,https://go.cin7.com/webfiles/ProSciTechAU/webpages/images/275564/t315-al_tn.jpg
T5820,https://go.cin7.com/webfiles/ProSciTechAU/webpages/images/275564/t5820.jpg,https://go.cin7.com/webfiles/ProSciTechAU/webpages/images/275564/t5820_tn.jpg
T722,https://go.cin7.com/webfiles/ProSciTechAU/webpages/images/275564/bosshead-small.png,https://go.cin7.com/webfiles/ProSciTechAU/webpages/images/275564/bosshead-small_tn.png
T752-X,https://go.cin7.com/webfiles/ProSciTechAU/webpages/images/275564/t752.jpg,https://go.cin7.com/webfiles/ProSciTechAU/webpages/images/275564/t752_tn.jpg
TXD103A-X,https://go.cin7.com/webfiles/ProSciTechAU/webpages/images/275564/txd103a-x.jpg,https://go.cin7.com/webfiles/ProSciTechAU/webpages/images/275564/txd103a-x_tn.jpg
TXS130-X,https://go.cin7.com/webfiles/ProSciTechAU/webpages/images/275564/txs130.jpg,https://go.cin7.com/webfiles/ProSciTechAU/webpages/images/275564/txs130_tn.jpg
UDM-R35,https://go.cin7.com/webfiles/ProSciTechAU/webpages/images/275564/feather-sturkey.jpg,https://go.cin7.com/webfiles/ProSciTechAU/webpages/images/275564/feather-sturkey_tn.jpg
UM-WB1,https://go.cin7.com/webfiles/ProSciTechAU/webpages/images/275564/um-round.jpg,https://go.cin7.com/webfiles/ProSciTechAU/webpages/images/275564/um-round_tn.jpg
VA3-KF25-25-16,https://go.cin7.com/webfiles/ProSciTechAU/webpages/images/275564/va3-kf.jpg,https://go.cin7.com/webfiles/ProSciTechAU/webpages/images/275564/va3-kf_tn.jpg
VA4-KF25-16-25-16,https://go.cin7.com/webfiles/ProSciTechAU/webpages/images/275564/va4-kf.jpg,https://go.cin7.com/webfiles/ProSciTechAU/webpages/images/275564/va4-kf_tn.jpg
VBP-10,https://go.cin7.com/webfiles/ProSciTechAU/webpages/images/275564/vbp-kf.jpg,https://go.cin7.com/webfiles/ProSciTechAU/webpages/images/275564/vbp-kf_tn.jpg
VC2-180-KF16,https://go.cin7.com/webfiles/ProSciTechAU/webpages/images/275564/vc2-180-kf.jpg,https://go.cin7.com/webfiles/ProSciTechAU/webpages/images/275564/vc2-180-kf_tn.jpg
VC2-45-KF16,https://go.cin7.com/webfiles/ProSciTechAU/webpages/images/275564/vc2-45-kf.jpg,https://go.cin7.com/webfiles/ProSciTechAU/webpages/images/275564/vc2-45-kf_tn.jpg
VC2-90-KF16,https://go.cin7.com/webfiles/ProSciTechAU/webpages/images/275564/vc2-90-kf.jpg,https://go.cin7.com/webfiles/ProSciTechAU/webpages/images/275564/vc2-90-kf_tn.jpg
VC4-KF16,https://go.cin7.com/webfiles/ProSciTechAU/webpages/images/275564/vc4-kf.jpg,https://go.cin7.com/webfiles/ProSciTechAU/webpages/images/275564/vc4-kf_tn.jpg
VC5-KF10,https://go.cin7.com/webfiles/ProSciTechAU/webpages/images/275564/vc5-kf.jpg,https://go.cin7.com/webfiles/ProSciTechAU/webpages/images/275564/vc5-kf_tn.jpg
VC6-KF10,https://go.cin7.com/webfiles/ProSciTechAU/webpages/images/275564/vc6-kf.jpg,https://go.cin7.com/webfiles/ProSciTechAU/webpages/images/275564/vc6-kf_tn.jpg
VCS-KF16-058,https://go.cin7.com/webfiles/ProSciTechAU/webpages/images/275564/vcs-kf.jpg,https://go.cin7.com/webfiles/ProSciTechAU/webpages/images/275564/vcs-kf_tn.jpg
YD1-1000-035,https://go.cin7.com/webfiles/ProSciTechAU/webpages/images/275564/yd1-1000-035.jpg,https://go.cin7.com/webfiles/ProSciTechAU/webpages/images/275564/yd1-1000-035_tn.jpg
I008,https://go.cin7.com/webfiles/ProSciTechAU/webpages/images/275564/i008.jpg,https://go.cin7.com/webfiles/ProSciTechAU/webpages/images/275564/i008_tn.jpg
H401-060,https://go.cin7.com/webfiles/ProSciTechAU/webpages/images/275564/h401.jpg,https://go.cin7.com/webfiles/ProSciTechAU/webpages/images/275564/h401_tn.jpg
H405-040,https://go.cin7.com/webfiles/ProSciTechAU/webpages/images/275564/h405.jpg,https://go.cin7.com/webfiles/ProSciTechAU/webpages/images/275564/h405_tn.jpg
H421-08,https://go.cin7.com/webfiles/ProSciTechAU/webpages/images/275564/h421.jpg,https://go.cin7.com/webfiles/ProSciTechAU/webpages/images/275564/h421_tn.jpg
H430,https://go.cin7.com/webfiles/ProSciTechAU/webpages/images/275564/h430.jpg,https://go.cin7.com/webfiles/ProSciTechAU/webpages/images/275564/h430_tn.jpg
H440,https://go.cin7.com/webfiles/ProSciTechAU/webpages/images/275564/h440.jpg,https://go.cin7.com/webfiles/ProSciTechAU/webpages/images/275564/h440_tn.jpg
H441,https://go.cin7.com/webfiles/ProSciTechAU/webpages/images/275564/h441.jpg,https://go.cin7.com/webfiles/ProSciTechAU/webpages/images/275564/h441_tn.jpg
H448,https://go.cin7.com/webfiles/ProSciTechAU/webpages/images/275564/h448.jpg,https://go.cin7.com/webfiles/ProSciTechAU/webpages/images/275564/h448_tn.jpg
H643-0250,https://go.cin7.com/webfiles/ProSciTechAU/webpages/images/275564/h643.jpg,https://go.cin7.com/webfiles/ProSciTechAU/webpages/images/275564/h643_tn.jpg
HG24-060,https://go.cin7.com/webfiles/ProSciTechAU/webpages/images/275564/hg24.jpg,https://go.cin7.com/webfiles/ProSciTechAU/webpages/images/275564/hg24_tn.jpg
L070-03,https://go.cin7.com/webfiles/ProSciTechAU/webpages/images/275564/l070.jpg,https://go.cin7.com/webfiles/ProSciTechAU/webpages/images/275564/l070_tn.jpg
L132-050,https://go.cin7.com/webfiles/ProSciTechAU/webpages/images/275564/l132.jpg,https://go.cin7.com/webfiles/ProSciTechAU/webpages/images/275564/l132_tn.jpg
LB12-0005,https://go.cin7.com/webfiles/ProSciTechAU/webpages/images/275564/lb12.jpg,https://go.cin7.com/webfiles/ProSciTechAU/webpages/images/275564/lb12_tn.jpg
LCE6-0025,https://go.cin7.com/webfiles/ProSciTechAU/webpages/images/275564/LCE6.jpg,https://go.cin7.com/webfiles/ProSciTechAU/webpages/images/275564/LCE6_tn.jpg
LCE7-0025,https://go.cin7.com/webfiles/ProSciTechAU/webpages/images/275564/lce7.jpg,https://go.cin7.com/webfiles/ProSciTechAU/webpages/images/275564/lce7_tn.jpg
LCE8-0050,https://go.cin7.com/webfiles/ProSciTechAU/webpages/images/275564/lce8.jpg,https://go.cin7.com/webfiles/ProSciTechAU/webpages/images/275564/lce8_tn.jpg
LCN7-0010,https://go.cin7.com/webfiles/ProSciTechAU/webpages/images/275564/lcn7.jpg,https://go.cin7.com/webfiles/ProSciTechAU/webpages/images/275564/lcn7_tn.jpg
LCVN7-0010,https://go.cin7.com/webfiles/ProSciTechAU/webpages/images/275564/lcvn7.jpg,https://go.cin7.com/webfiles/ProSciTechAU/webpages/images/275564/lcvn7_tn.jpg
LFN9-100,https://go.cin7.com/webfiles/ProSciTechAU/webpages/images/275564/lfn9.jpg,https://go.cin7.com/webfiles/ProSciTechAU/webpages/images/275564/lfn9_tn.jpg
LP30-150,https://go.cin7.com/webfiles/ProSciTechAU/webpages/images/275564/lp30.jpg,https://go.cin7.com/webfiles/ProSciTechAU/webpages/images/275564/lp30_tn.jpg
LPN7-05,https://go.cin7.com/webfiles/ProSciTechAU/webpages/images/275564/lpn7.jpg,https://go.cin7.com/webfiles/ProSciTechAU/webpages/images/275564/lpn7_tn.jpg
LPN8-001,https://go.cin7.com/webfiles/ProSciTechAU/webpages/images/275564/LPN8-1.jpg,https://go.cin7.com/webfiles/ProSciTechAU/webpages/images/275564/LPN8-1_tn.jpg
SJT1003A,https://go.cin7.com/webfiles/ProSciTechAU/webpages/images/275564/sjt-a.jpg,https://go.cin7.com/webfiles/ProSciTechAU/webpages/images/275564/sjt-a_tn.jpg
SJT2003B,https://go.cin7.com/webfiles/ProSciTechAU/webpages/images/275564/sjt2003b.jpg,https://go.cin7.com/webfiles/ProSciTechAU/webpages/images/275564/sjt2003b_tn.jpg
H161,https://go.cin7.com/webfiles/ProSciTechAU/webpages/images/275564/h161-single.jpg,https://go.cin7.com/webfiles/ProSciTechAU/webpages/images/275564/h161-single_tn.jpg
H164,https://go.cin7.com/webfiles/ProSciTechAU/webpages/images/275564/h164.jpg,https://go.cin7.com/webfiles/ProSciTechAU/webpages/images/275564/h164_tn.jpg
H168-10,https://go.cin7.com/webfiles/ProSciTechAU/webpages/images/275564/h168.jpg,https://go.cin7.com/webfiles/ProSciTechAU/webpages/images/275564/h168_tn.jpg
EB1008,https://go.cin7.com/webfiles/ProSciTechAU/webpages/images/275564/eb1008.jpg,https://go.cin7.com/webfiles/ProSciTechAU/webpages/images/275564/eb1008_tn.jpg
EB1201-BEAD,https://go.cin7.com/webfiles/ProSciTechAU/webpages/images/275564/l31-05.jpg,https://go.cin7.com/webfiles/ProSciTechAU/webpages/images/275564/l31-05_tn.jpg
EBB2000,https://go.cin7.com/webfiles/ProSciTechAU/webpages/images/275564/ebb2000.jpg,https://go.cin7.com/webfiles/ProSciTechAU/webpages/images/275564/ebb2000_tn.jpg
EBH2200-H,https://go.cin7.com/webfiles/ProSciTechAU/webpages/images/275564/ebh2200.jpg,https://go.cin7.com/webfiles/ProSciTechAU/webpages/images/275564/ebh2200_tn.jpg
BIOBKSC-12Y,https://go.cin7.com/webfiles/ProSciTechAU/webpages/images/275564/temp4cj.png,https://go.cin7.com/webfiles/ProSciTechAU/webpages/images/275564/temp4cj.png
KJH-350,https://go.cin7.com/webfiles/ProSciTechAU/webpages/images/275564/20180119020107_8761..jpg,https://go.cin7.com/webfiles/ProSciTechAU/webpages/images/275564/20180119020107_8761._tn.jpg
LCA05-TOOL,https://go.cin7.com/webfiles/ProSciTechAU/webpages/images/275564/lca05-tool.jpg,https://go.cin7.com/webfiles/ProSciTechAU/webpages/images/275564/lca05-tool_tn.jpg
TCV7-03X,https://go.cin7.com/webfiles/ProSciTechAU/webpages/images/275564/tcv7.jpg,https://go.cin7.com/webfiles/ProSciTechAU/webpages/images/275564/tcv7_tn.jpg
SDV7A-BR,https://go.cin7.com/webfiles/ProSciTechAU/webpages/images/275564/sdv7a.jpg,https://go.cin7.com/webfiles/ProSciTechAU/webpages/images/275564/sdv7a_tn.jpg
SDV8A-GL45-GL38,https://go.cin7.com/webfiles/ProSciTechAU/webpages/images/275564/1670115.jpg,https://go.cin7.com/webfiles/ProSciTechAU/webpages/images/275564/1670115_tn.jpg
V2XZ-1,https://go.cin7.com/webfiles/ProSciTechAU/webpages/images/275564/rotary-vane-pump.jpg,https://go.cin7.com/webfiles/ProSciTechAU/webpages/images/275564/rotary-vane-pump_tn.jpg
FLUM100-100,https://go.cin7.com/webfiles/ProSciTechAU/webpages/images/275564/tff001.jpg,https://go.cin7.com/webfiles/ProSciTechAU/webpages/images/275564/tff001_tn.jpg
L38-5016,https://go.cin7.com/webfiles/ProSciTechAU/webpages/images/275564/l38.jpg,https://go.cin7.com/webfiles/ProSciTechAU/webpages/images/275564/l38_tn.jpg
E252-040,https://go.cin7.com/webfiles/ProSciTechAU/webpages/images/275564/E252-100-4.jpg,https://go.cin7.com/webfiles/ProSciTechAU/webpages/images/275564/E252-100-4_tn.jpg
H61-020H,https://go.cin7.com/webfiles/ProSciTechAU/webpages/images/275564/h61.jpg,https://go.cin7.com/webfiles/ProSciTechAU/webpages/images/275564/h61_tn.jpg
H662-150,https://go.cin7.com/webfiles/ProSciTechAU/webpages/images/275564/evaporating-dish.jpg,https://go.cin7.com/webfiles/ProSciTechAU/webpages/images/275564/evaporating-dish_tn.jpg
H676-30,https://go.cin7.com/webfiles/ProSciTechAU/webpages/images/275564/h676.jpg,https://go.cin7.com/webfiles/ProSciTechAU/webpages/images/275564/h676_tn.jpg
TM76,https://go.cin7.com/webfiles/ProSciTechAU/webpages/images/275564/pin_mat.jpg,https://go.cin7.com/webfiles/ProSciTechAU/webpages/images/275564/pin_mat_tn.jpg
TXS102-X,https://go.cin7.com/webfiles/ProSciTechAU/webpages/images/275564/txs10_2.jpg,https://go.cin7.com/webfiles/ProSciTechAU/webpages/images/275564/txs10_2_tn.jpg
UM-PD09,https://go.cin7.com/webfiles/ProSciTechAU/webpages/images/275564/um-pd.jpg,https://go.cin7.com/webfiles/ProSciTechAU/webpages/images/275564/um-pd_tn.jpg
UM-PT1,https://go.cin7.com/webfiles/ProSciTechAU/webpages/images/275564/um-pt.jpg,https://go.cin7.com/webfiles/ProSciTechAU/webpages/images/275564/um-pt_tn.jpg
UM-SW1,https://go.cin7.com/webfiles/ProSciTechAU/webpages/images/275564/um-wbr.jpg,https://go.cin7.com/webfiles/ProSciTechAU/webpages/images/275564/um-wbr_tn.jpg
UM-SW2,https://go.cin7.com/webfiles/ProSciTechAU/webpages/images/275564/um-sw02.jpg,https://go.cin7.com/webfiles/ProSciTechAU/webpages/images/275564/um-sw02_tn.jpg
UM-SW3,https://go.cin7.com/webfiles/ProSciTechAU/webpages/images/275564/um-sw03.jpg,https://go.cin7.com/webfiles/ProSciTechAU/webpages/images/275564/um-sw03_tn.jpg
UM-WBG,https://go.cin7.com/webfiles/ProSciTechAU/webpages/images/275564/um-glass.jpg,https://go.cin7.com/webfiles/ProSciTechAU/webpages/images/275564/um-glass_tn.jpg
VBP-CF10,https://go.cin7.com/webfiles/ProSciTechAU/webpages/images/275564/vbp-cf.jpg,https://go.cin7.com/webfiles/ProSciTechAU/webpages/images/275564/vbp-cf_tn.jpg
VC2-90M-KF16,https://go.cin7.com/webfiles/ProSciTechAU/webpages/images/275564/vc2-90m-kf.jpg,https://go.cin7.com/webfiles/ProSciTechAU/webpages/images/275564/vc2-90m-kf_tn.jpg
OAMC-1,https://go.cin7.com/webfiles/ProSciTechAU/webpages/images/275564/oamc.jpg,https://go.cin7.com/webfiles/ProSciTechAU/webpages/images/275564/oamc_tn.jpg
OAMF-040X050-LX,https://go.cin7.com/webfiles/ProSciTechAU/webpages/images/275564/oamf.jpg,https://go.cin7.com/webfiles/ProSciTechAU/webpages/images/275564/oamf_tn.jpg
ERN-AC-L4,https://go.cin7.com/webfiles/ProSciTechAU/webpages/images/275564/ern-l304.jpg,https://go.cin7.com/webfiles/ProSciTechAU/webpages/images/275564/ern-l304_tn.jpg
SUI33-12,https://go.cin7.com/webfiles/ProSciTechAU/webpages/images/275564/sui33.jpg,https://go.cin7.com/webfiles/ProSciTechAU/webpages/images/275564/sui33_tn.jpg
SUI52-12,https://go.cin7.com/webfiles/ProSciTechAU/webpages/images/275564/sui52-12.jpg,https://go.cin7.com/webfiles/ProSciTechAU/webpages/images/275564/sui52-12_tn.jpg
SUM2-025,https://go.cin7.com/webfiles/ProSciTechAU/webpages/images/275564/sum2.jpg,https://go.cin7.com/webfiles/ProSciTechAU/webpages/images/275564/sum2_tn.jpg
L66-015VL,https://go.cin7.com/webfiles/ProSciTechAU/webpages/images/275564/1449_PriceBreak_1461.jpg,https://go.cin7.com/webfiles/ProSciTechAU/webpages/images/275564/1449_PriceBreak_1461_tn.jpg
LCH18,https://go.cin7.com/webfiles/ProSciTechAU/webpages/images/275564/lch-pe.jpg,https://go.cin7.com/webfiles/ProSciTechAU/webpages/images/275564/lch-pe_tn.jpg
OYK-B144T-P,,
ESR1,,
L38-01,,
H540-10,,
L070-002-X,,
SDV4-A32,,https://go.cin7.com/webfiles/ProSciTechAU/webpages/images/275564/CURRENTLY_UNAVAILABLE_tn.jpg
CHE-AA059-500G,,https://go.cin7.com/webfiles/ProSciTechAU/webpages/images/275564/CURRENTLY_UNAVAILABLE_tn.jpg
CHE-HL150-25G,,https://go.cin7.com/webfiles/ProSciTechAU/webpages/images/275564/CURRENTLY_UNAVAILABLE_tn.jpg
CHE-RP1104-P2.5L,,https://go.cin7.com/webfiles/ProSciTechAU/webpages/images/275564/CURRENTLY_UNAVAILABLE_tn.jpg
EBH2200-SH,,
EBH3D1020-E,,
FBC1008-A5-6,,
BKS-2000,,
BXC-V50M-FAN,,
Vacuum pump,,
LAB10008,,
LAB10013,,
E253-050,,
OALSB-46X46X46,,
OAM-AM03,,
OAM-C02,,
OAM-F01-075X075-S3,,
OAM-F03-120,,
OAM-F05-060,,
OAM-F06-050,,
OAM-F10,,
OAM-F13-075,,
OAM-F15,,
OAM-F17,,
OAM-F28-075X075,,
OAM-F29,,
OAMSR-060X060,,
OAMT-060X090,,
OAMTR-075X075,,
OAMTR-075X075-LB,,
OAMTR-075X075-LBE,,
OAMTR-075X075-LX,,
OAMTS-075X075,,
EB1000-MD,,https://go.cin7.com/webfiles/ProSciTechAU/webpages/images/275564/CURRENTLY_UNAVAILABLE_tn.jpg
EB1000-SPD,,https://go.cin7.com/webfiles/ProSciTechAU/webpages/images/275564/CURRENTLY_UNAVAILABLE_tn.jpg
EB1008-MD,,https://go.cin7.com/webfiles/ProSciTechAU/webpages/images/275564/CURRENTLY_UNAVAILABLE_tn.jpg
EB1008-SPD,,https://go.cin7.com/webfiles/ProSciTechAU/webpages/images/275564/CURRENTLY_UNAVAILABLE_tn.jpg
EB2000-MF,,https://go.cin7.com/webfiles/ProSciTechAU/webpages/images/275564/CURRENTLY_UNAVAILABLE_tn.jpg
EB2000-SPF,,https://go.cin7.com/webfiles/ProSciTechAU/webpages/images/275564/CURRENTLY_UNAVAILABLE_tn.jpg
EBD1000-ST,,https://go.cin7.com/webfiles/ProSciTechAU/webpages/images/275564/CURRENTLY_UNAVAILABLE_tn.jpg
EBDET-1000,,https://go.cin7.com/webfiles/ProSciTechAU/webpages/images/275564/CURRENTLY_UNAVAILABLE_tn.jpg
EBDSB-01,,https://go.cin7.com/webfiles/ProSciTechAU/webpages/images/275564/CURRENTLY_UNAVAILABLE_tn.jpg
EBDSS-28,,https://go.cin7.com/webfiles/ProSciTechAU/webpages/images/275564/CURRENTLY_UNAVAILABLE_tn.jpg
EBDZB-01,,https://go.cin7.com/webfiles/ProSciTechAU/webpages/images/275564/CURRENTLY_UNAVAILABLE_tn.jpg
EBR5000-SP,,https://go.cin7.com/webfiles/ProSciTechAU/webpages/images/275564/CURRENTLY_UNAVAILABLE_tn.jpg
EBT300-PMC,,https://go.cin7.com/webfiles/ProSciTechAU/webpages/images/275564/CURRENTLY_UNAVAILABLE_tn.jpg
ETC9639-AIS,,https://go.cin7.com/webfiles/ProSciTechAU/webpages/images/275564/CURRENTLY_UNAVAILABLE_tn.jpg
INTC-Block,,https://go.cin7.com/webfiles/ProSciTechAU/webpages/images/275564/CURRENTLY_UNAVAILABLE_tn.jpg
EGWD/T1,,https://go.cin7.com/webfiles/ProSciTechAU/webpages/images/275564/CURRENTLY_UNAVAILABLE_tn.jpg
EGWDFD1,,https://go.cin7.com/webfiles/ProSciTechAU/webpages/images/275564/CURRENTLY_UNAVAILABLE_tn.jpg
EIE-GD,,https://go.cin7.com/webfiles/ProSciTechAU/webpages/images/275564/CURRENTLY_UNAVAILABLE_tn.jpg
EIE-GW,,https://go.cin7.com/webfiles/ProSciTechAU/webpages/images/275564/CURRENTLY_UNAVAILABLE_tn.jpg
EODW-SG1,,https://go.cin7.com/webfiles/ProSciTechAU/webpages/images/275564/CURRENTLY_UNAVAILABLE_tn.jpg
EODW-TIMER,,https://go.cin7.com/webfiles/ProSciTechAU/webpages/images/275564/CURRENTLY_UNAVAILABLE_tn.jpg
EODW-VENT,,https://go.cin7.com/webfiles/ProSciTechAU/webpages/images/275564/CURRENTLY_UNAVAILABLE_tn.jpg
ERG-HE,,https://go.cin7.com/webfiles/ProSciTechAU/webpages/images/275564/CURRENTLY_UNAVAILABLE_tn.jpg
TXD116-X,,https://go.cin7.com/webfiles/ProSciTechAU/webpages/images/275564/CURRENTLY_UNAVAILABLE_tn.jpg
TXS169-X,,https://go.cin7.com/webfiles/ProSciTechAU/webpages/images/275564/CURRENTLY_UNAVAILABLE_tn.jpg
OAM-AHS1195,,https://go.cin7.com/webfiles/ProSciTechAU/webpages/images/275564/CURRENTLY_UNAVAILABLE_tn.jpg
OAM-AM05,,https://go.cin7.com/webfiles/ProSciTechAU/webpages/images/275564/CURRENTLY_UNAVAILABLE_tn.jpg
OAM-AM07,,https://go.cin7.com/webfiles/ProSciTechAU/webpages/images/275564/CURRENTLY_UNAVAILABLE_tn.jpg
OAM-C03,,https://go.cin7.com/webfiles/ProSciTechAU/webpages/images/275564/CURRENTLY_UNAVAILABLE_tn.jpg
OM-AHS,,https://go.cin7.com/webfiles/ProSciTechAU/webpages/images/275564/CURRENTLY_UNAVAILABLE_tn.jpg
OAM-F07,,
OAM-F20-075,,
OAMCE-550,,
OAMD-SH-075X075,,
OAMSH-040X050,,
